sex,ethnicity,race,age,agecats,caseid,rake_weights,CVDID
female,Not Hispanic or Latino,White,55,age55_59,1,1.151752615,2
female,Not Hispanic or Latino,White,64,age60_100,2,2.486532848,3
male,Hispanic or Latino,Native_PacIsl_MultiRace_NaN_Other,23,age18_24,3,1.317425251,4
female,Not Hispanic or Latino,White,47,age45_49,4,0.312885221,6
female,Not Hispanic or Latino,White,48,age45_49,5,0.312885221,7
female,Not Hispanic or Latino,White,36,age40_44,6,0.592453094,8
female,Not Hispanic or Latino,White,23,age18_24,7,0.334305042,9
male,Not Hispanic or Latino,Native_PacIsl_MultiRace_NaN_Other,21,age18_24,8,0.364101181,10
female,Hispanic or Latino,White,28,age25_29,9,1.36299739,11
male,Not Hispanic or Latino,White,56,age55_59,10,1.151752615,12
male,Not Hispanic or Latino,Asian,26,age25_29,11,0.356020118,13
female,Not Hispanic or Latino,White,69,age60_100,12,2.486532848,14
female,Not Hispanic or Latino,Black,38,age40_44,13,1.942418405,16
male,Not Hispanic or Latino,White,48,age45_49,14,0.312885221,17
female,Not Hispanic or Latino,White,50,age50_54,15,1.044051407,19
male,Not Hispanic or Latino,White,71,age60_100,16,2.486532848,20
female,Not Hispanic or Latino,White,50,age50_54,17,1.044051407,21
male,Not Hispanic or Latino,White,74,age60_100,18,2.486532848,22
male,Not Hispanic or Latino,White,58,age55_59,19,1.151752615,23
male,Not Hispanic or Latino,White,29,age25_29,20,0.376696105,25
female,Not Hispanic or Latino,Asian,20,age18_24,21,0.315955804,26
female,Not Hispanic or Latino,White,61,age60_100,22,2.486532848,28
male,Not Hispanic or Latino,White,24,age18_24,23,0.334305042,29
female,Not Hispanic or Latino,Native_PacIsl_MultiRace_NaN_Other,23,age18_24,24,0.364101181,30
male,Hispanic or Latino,White,25,age25_29,25,1.36299739,31
male,Not Hispanic or Latino,White,36,age40_44,26,0.592453094,33
male,Not Hispanic or Latino,Asian,21,age18_24,27,0.315955804,34
male,Not Hispanic or Latino,White,54,age50_54,28,1.044051407,35
male,Hispanic or Latino,Native_PacIsl_MultiRace_NaN_Other,20,age18_24,29,1.317425251,36
male,Not Hispanic or Latino,White,32,age30_34,30,0.58080914,38
female,Not Hispanic or Latino,Asian,26,age25_29,31,0.356020118,39
female,Not Hispanic or Latino,Black,21,age18_24,32,1.096053464,40
male,Not Hispanic or Latino,Asian,36,age40_44,33,0.559934701,41
female,Not Hispanic or Latino,Black,49,age45_49,34,1.025826379,42
female,Not Hispanic or Latino,Asian,55,age55_59,35,1.088535552,44
female,Not Hispanic or Latino,White,65,age60_100,36,2.486532848,45
female,Not Hispanic or Latino,White,24,age18_24,37,0.334305042,47
female,Not Hispanic or Latino,White,36,age40_44,38,0.592453094,48
female,Not Hispanic or Latino,White,34,age35_39,39,2.644543023,51
male,Not Hispanic or Latino,Native_PacIsl_MultiRace_NaN_Other,25,age25_29,40,0.4102705,52
male,Not Hispanic or Latino,White,44,age45_49,41,0.312885221,53
male,Hispanic or Latino,White,19,age18_24,42,1.209614047,54
male,Not Hispanic or Latino,White,44,age45_49,43,0.312885221,55
female,Not Hispanic or Latino,Black,34,age35_39,44,5.000050566,56
male,Not Hispanic or Latino,Black,18,age18_24,45,1.096053464,57
male,Not Hispanic or Latino,White,44,age45_49,46,0.312885221,58
female,Not Hispanic or Latino,White,58,age55_59,47,1.151752615,59
female,Not Hispanic or Latino,White,60,age60_100,48,2.486532848,60
female,Not Hispanic or Latino,White,54,age50_54,49,1.044051407,61
male,Not Hispanic or Latino,White,64,age60_100,50,2.486532848,63
female,Hispanic or Latino,White,49,age45_49,51,1.132110831,64
male,Not Hispanic or Latino,White,66,age60_100,52,2.486532848,65
male,Not Hispanic or Latino,White,35,age40_44,53,0.592453094,69
male,Not Hispanic or Latino,Native_PacIsl_MultiRace_NaN_Other,21,age18_24,54,0.364101181,72
female,Hispanic or Latino,White,28,age25_29,55,1.36299739,73
male,Hispanic or Latino,White,25,age25_29,56,1.36299739,76
male,Not Hispanic or Latino,Asian,24,age18_24,57,0.315955804,78
female,Not Hispanic or Latino,White,52,age50_54,58,1.044051407,79
female,Hispanic or Latino,Native_PacIsl_MultiRace_NaN_Other,19,age18_24,59,1.317425251,80
male,Hispanic or Latino,White,23,age18_24,60,1.209614047,83
female,Not Hispanic or Latino,Asian,25,age25_29,61,0.356020118,84
male,Not Hispanic or Latino,White,30,age30_34,62,0.58080914,86
male,Not Hispanic or Latino,Asian,39,age40_44,63,0.559934701,88
male,Not Hispanic or Latino,White,21,age18_24,64,0.334305042,89
male,Not Hispanic or Latino,White,63,age60_100,65,2.486532848,91
female,Not Hispanic or Latino,White,68,age60_100,66,2.486532848,93
female,Not Hispanic or Latino,White,55,age55_59,67,1.151752615,96
male,Not Hispanic or Latino,White,21,age18_24,68,0.334305042,97
female,Not Hispanic or Latino,Black,30,age30_34,69,1.904242503,99
male,Not Hispanic or Latino,White,38,age40_44,70,0.592453094,100
male,Not Hispanic or Latino,White,35,age40_44,71,0.592453094,101
male,Not Hispanic or Latino,White,56,age55_59,72,1.151752615,103
male,Not Hispanic or Latino,White,38,age40_44,73,0.592453094,104
male,Not Hispanic or Latino,White,23,age18_24,74,0.334305042,107
male,Not Hispanic or Latino,White,34,age35_39,75,2.644543023,109
male,Not Hispanic or Latino,Black,47,age45_49,76,1.025826379,111
female,Not Hispanic or Latino,White,58,age55_59,77,1.151752615,112
female,Not Hispanic or Latino,White,68,age60_100,78,2.486532848,113
female,Not Hispanic or Latino,Black,66,age60_100,79,5.000051788,114
male,Not Hispanic or Latino,White,56,age55_59,80,1.151752615,116
female,Not Hispanic or Latino,White,35,age40_44,81,0.592453094,117
female,Hispanic or Latino,Native_PacIsl_MultiRace_NaN_Other,22,age18_24,82,1.317425251,119
female,Not Hispanic or Latino,Asian,20,age18_24,83,0.315955804,122
female,Not Hispanic or Latino,White,61,age60_100,84,2.486532848,124
male,Not Hispanic or Latino,Black,27,age25_29,85,1.235036924,125
male,Not Hispanic or Latino,White,26,age25_29,86,0.376696105,126
female,Not Hispanic or Latino,White,49,age45_49,87,0.312885221,129
male,Not Hispanic or Latino,Asian,19,age18_24,88,0.315955804,130
male,Not Hispanic or Latino,White,28,age25_29,89,0.376696105,132
male,Not Hispanic or Latino,Asian,23,age18_24,90,0.315955804,133
female,Not Hispanic or Latino,Asian,19,age18_24,91,0.315955804,134
female,Not Hispanic or Latino,Native_PacIsl_MultiRace_NaN_Other,54,age50_54,92,1.137106245,135
male,Not Hispanic or Latino,White,18,age18_24,93,0.334305042,136
female,Not Hispanic or Latino,White,41,age45_49,94,0.312885221,139
male,Not Hispanic or Latino,White,62,age60_100,95,2.486532848,140
female,Not Hispanic or Latino,White,46,age45_49,96,0.312885221,141
female,Not Hispanic or Latino,White,62,age60_100,97,2.486532848,142
male,Not Hispanic or Latino,Black,25,age25_29,98,1.235036924,143
male,Not Hispanic or Latino,White,26,age25_29,99,0.376696105,145
male,Not Hispanic or Latino,White,30,age30_34,100,0.58080914,146
female,Not Hispanic or Latino,White,35,age40_44,101,0.592453094,148
male,Not Hispanic or Latino,White,34,age35_39,102,2.644543023,149
male,Hispanic or Latino,White,18,age18_24,103,1.209614047,150
female,Not Hispanic or Latino,White,32,age30_34,104,0.58080914,152
male,Not Hispanic or Latino,Black,31,age30_34,105,1.904242503,153
female,Not Hispanic or Latino,White,64,age60_100,106,2.486532848,154
female,Not Hispanic or Latino,White,23,age18_24,107,0.334305042,156
male,Not Hispanic or Latino,White,58,age55_59,108,1.151752615,157
male,Not Hispanic or Latino,White,23,age18_24,109,0.334305042,158
female,Not Hispanic or Latino,White,23,age18_24,110,0.334305042,160
male,Not Hispanic or Latino,White,68,age60_100,111,2.486532848,161
male,Not Hispanic or Latino,Asian,26,age25_29,112,0.356020118,162
female,Not Hispanic or Latino,Black,24,age18_24,113,1.096053464,163
female,Not Hispanic or Latino,White,66,age60_100,114,2.486532848,164
female,Not Hispanic or Latino,White,22,age18_24,115,0.334305042,165
male,Not Hispanic or Latino,White,51,age50_54,116,1.044051407,166
male,Not Hispanic or Latino,White,38,age40_44,117,0.592453094,167
male,Hispanic or Latino,White,23,age18_24,118,1.209614047,168
male,Not Hispanic or Latino,White,65,age60_100,119,2.486532848,170
female,Hispanic or Latino,White,68,age60_100,120,5.000052632,171
female,Not Hispanic or Latino,Asian,27,age25_29,121,0.356020118,176
female,Not Hispanic or Latino,White,24,age18_24,122,0.334305042,177
female,Not Hispanic or Latino,White,68,age60_100,123,2.486532848,178
female,Not Hispanic or Latino,White,22,age18_24,124,0.334305042,179
male,Not Hispanic or Latino,Native_PacIsl_MultiRace_NaN_Other,23,age18_24,125,0.364101181,181
female,Not Hispanic or Latino,White,59,age55_59,126,1.151752615,182
male,Not Hispanic or Latino,Black,29,age25_29,127,1.235036924,185
female,Not Hispanic or Latino,White,63,age60_100,128,2.486532848,186
male,Not Hispanic or Latino,White,68,age60_100,129,2.486532848,187
female,Not Hispanic or Latino,White,61,age60_100,130,2.486532848,189
male,Not Hispanic or Latino,White,70,age60_100,131,2.486532848,190
female,Not Hispanic or Latino,White,52,age50_54,132,1.044051407,191
female,Not Hispanic or Latino,White,53,age50_54,133,1.044051407,192
female,Hispanic or Latino,Native_PacIsl_MultiRace_NaN_Other,66,age60_100,134,5.00007149,193
male,Not Hispanic or Latino,White,36,age40_44,135,0.592453094,194
male,Not Hispanic or Latino,White,26,age25_29,136,0.376696105,200
male,Not Hispanic or Latino,Asian,20,age18_24,137,0.315955804,201
female,Not Hispanic or Latino,Asian,21,age18_24,138,0.315955804,202
female,Not Hispanic or Latino,White,20,age18_24,139,0.334305042,203
male,Not Hispanic or Latino,White,31,age30_34,140,0.58080914,205
female,Not Hispanic or Latino,White,39,age40_44,141,0.592453094,206
female,Not Hispanic or Latino,Native_PacIsl_MultiRace_NaN_Other,20,age18_24,142,0.364101181,207
male,Not Hispanic or Latino,Asian,25,age25_29,143,0.356020118,208
male,Hispanic or Latino,Native_PacIsl_MultiRace_NaN_Other,28,age25_29,144,1.484479437,209
male,Not Hispanic or Latino,White,68,age60_100,145,2.486532848,211
male,Not Hispanic or Latino,White,28,age25_29,146,0.376696105,214
female,Hispanic or Latino,Native_PacIsl_MultiRace_NaN_Other,20,age18_24,147,1.317425251,215
female,Not Hispanic or Latino,White,65,age60_100,148,2.486532848,216
male,Not Hispanic or Latino,White,24,age18_24,149,0.334305042,217
male,Not Hispanic or Latino,White,74,age60_100,150,2.486532848,218
male,Not Hispanic or Latino,Native_PacIsl_MultiRace_NaN_Other,53,age50_54,151,1.137106245,219
male,Hispanic or Latino,Native_PacIsl_MultiRace_NaN_Other,19,age18_24,152,1.317425251,220
female,Not Hispanic or Latino,Black,56,age55_59,153,3.77613941,221
male,Not Hispanic or Latino,Black,24,age18_24,154,1.096053464,222
female,Not Hispanic or Latino,White,68,age60_100,155,2.486532848,223
male,Not Hispanic or Latino,Black,27,age25_29,156,1.235036924,224
female,Not Hispanic or Latino,White,47,age45_49,157,0.312885221,225
male,Hispanic or Latino,Native_PacIsl_MultiRace_NaN_Other,18,age18_24,158,1.317425251,226
male,Not Hispanic or Latino,White,69,age60_100,159,2.486532848,228
male,Not Hispanic or Latino,White,32,age30_34,160,0.58080914,229
male,Not Hispanic or Latino,White,68,age60_100,161,2.486532848,230
female,Not Hispanic or Latino,White,66,age60_100,162,2.486532848,231
male,Hispanic or Latino,Native_PacIsl_MultiRace_NaN_Other,21,age18_24,163,1.317425251,232
female,Not Hispanic or Latino,White,62,age60_100,164,2.486532848,233
female,Not Hispanic or Latino,White,63,age60_100,165,2.486532848,234
male,Not Hispanic or Latino,Black,19,age18_24,166,1.096053464,235
female,Hispanic or Latino,White,26,age25_29,167,1.36299739,236
male,Not Hispanic or Latino,Native_PacIsl_MultiRace_NaN_Other,30,age30_34,168,0.632575844,240
male,Not Hispanic or Latino,White,35,age40_44,169,0.592453094,241
female,Not Hispanic or Latino,White,64,age60_100,170,2.486532848,242
female,Not Hispanic or Latino,Black,21,age18_24,171,1.096053464,246
female,Not Hispanic or Latino,White,46,age45_49,172,0.312885221,247
male,Not Hispanic or Latino,White,65,age60_100,173,2.486532848,248
female,Not Hispanic or Latino,White,20,age18_24,174,0.334305042,249
female,Not Hispanic or Latino,Asian,19,age18_24,175,0.315955804,251
male,Not Hispanic or Latino,White,38,age40_44,176,0.592453094,253
female,Not Hispanic or Latino,White,27,age25_29,177,0.376696105,255
female,Not Hispanic or Latino,White,34,age35_39,178,2.644543023,256
male,Not Hispanic or Latino,White,59,age55_59,179,1.151752615,258
male,Not Hispanic or Latino,White,25,age25_29,180,0.376696105,260
female,Not Hispanic or Latino,Asian,19,age18_24,181,0.315955804,261
female,Not Hispanic or Latino,Black,24,age18_24,182,1.096053464,262
female,Hispanic or Latino,Native_PacIsl_MultiRace_NaN_Other,27,age25_29,183,1.484479437,263
male,Not Hispanic or Latino,White,19,age18_24,184,0.334305042,265
male,Not Hispanic or Latino,White,41,age45_49,185,0.312885221,266
female,Not Hispanic or Latino,White,25,age25_29,186,0.376696105,267
female,Hispanic or Latino,White,23,age18_24,187,1.209614047,269
male,Not Hispanic or Latino,White,28,age25_29,188,0.376696105,272
female,Hispanic or Latino,Native_PacIsl_MultiRace_NaN_Other,24,age18_24,189,1.317425251,273
male,Not Hispanic or Latino,White,20,age18_24,190,0.334305042,277
female,Not Hispanic or Latino,White,59,age55_59,191,1.151752615,279
female,Not Hispanic or Latino,Black,20,age18_24,192,1.096053464,280
male,Not Hispanic or Latino,Asian,34,age35_39,193,2.499390113,282
male,Not Hispanic or Latino,Asian,26,age25_29,194,0.356020118,284
female,Not Hispanic or Latino,Native_PacIsl_MultiRace_NaN_Other,20,age18_24,195,0.364101181,286
male,Not Hispanic or Latino,White,48,age45_49,196,0.312885221,290
male,Not Hispanic or Latino,White,27,age25_29,197,0.376696105,292
male,Not Hispanic or Latino,Black,25,age25_29,198,1.235036924,293
male,Not Hispanic or Latino,White,59,age55_59,199,1.151752615,294
female,Not Hispanic or Latino,White,55,age55_59,200,1.151752615,296
male,Not Hispanic or Latino,Black,33,age30_34,201,1.904242503,297
male,Not Hispanic or Latino,White,24,age18_24,202,0.334305042,298
female,Not Hispanic or Latino,Asian,24,age18_24,203,0.315955804,299
male,Not Hispanic or Latino,White,21,age18_24,204,0.334305042,301
male,Not Hispanic or Latino,White,28,age25_29,205,0.376696105,303
male,Not Hispanic or Latino,White,58,age55_59,206,1.151752615,305
female,Not Hispanic or Latino,White,32,age30_34,207,0.58080914,308
male,Not Hispanic or Latino,Asian,23,age18_24,208,0.315955804,309
female,Not Hispanic or Latino,White,26,age25_29,209,0.376696105,310
female,Not Hispanic or Latino,Black,25,age25_29,210,1.235036924,311
male,Not Hispanic or Latino,Black,23,age18_24,211,1.096053464,312
female,Not Hispanic or Latino,White,56,age55_59,212,1.151752615,313
female,Not Hispanic or Latino,White,35,age40_44,213,0.592453094,314
female,Not Hispanic or Latino,White,38,age40_44,214,0.592453094,316
female,Hispanic or Latino,Native_PacIsl_MultiRace_NaN_Other,48,age45_49,215,1.233014281,317
female,Not Hispanic or Latino,White,47,age45_49,216,0.312885221,318
female,Not Hispanic or Latino,Asian,25,age25_29,217,0.356020118,319
female,Not Hispanic or Latino,White,33,age30_34,218,0.58080914,321
female,Not Hispanic or Latino,Native_PacIsl_MultiRace_NaN_Other,20,age18_24,219,0.364101181,322
female,Not Hispanic or Latino,White,30,age30_34,220,0.58080914,323
female,Not Hispanic or Latino,Black,29,age25_29,221,1.235036924,325
female,Not Hispanic or Latino,White,30,age30_34,222,0.58080914,327
female,Not Hispanic or Latino,White,20,age18_24,223,0.334305042,328
female,Not Hispanic or Latino,White,52,age50_54,224,1.044051407,332
male,Hispanic or Latino,White,23,age18_24,225,1.209614047,336
male,Not Hispanic or Latino,White,28,age25_29,226,0.376696105,338
male,Not Hispanic or Latino,White,24,age18_24,227,0.334305042,340
female,Not Hispanic or Latino,Asian,21,age18_24,228,0.315955804,341
male,Not Hispanic or Latino,White,58,age55_59,229,1.151752615,342
female,Not Hispanic or Latino,White,63,age60_100,230,2.486532848,343
male,Not Hispanic or Latino,Native_PacIsl_MultiRace_NaN_Other,25,age25_29,231,0.4102705,345
female,Not Hispanic or Latino,White,55,age55_59,232,1.151752615,349
male,Not Hispanic or Latino,White,28,age25_29,233,0.376696105,353
female,Not Hispanic or Latino,Black,30,age30_34,234,1.904242503,354
female,Not Hispanic or Latino,White,49,age45_49,235,0.312885221,355
male,Not Hispanic or Latino,Black,48,age45_49,236,1.025826379,356
female,Not Hispanic or Latino,White,60,age60_100,237,2.486532848,358
female,Not Hispanic or Latino,White,62,age60_100,238,2.486532848,359
female,Not Hispanic or Latino,White,20,age18_24,239,0.334305042,361
male,Not Hispanic or Latino,White,33,age30_34,240,0.58080914,364
male,Not Hispanic or Latino,White,49,age45_49,241,0.312885221,365
female,Not Hispanic or Latino,White,41,age45_49,242,0.312885221,366
female,Not Hispanic or Latino,White,48,age45_49,243,0.312885221,367
male,Not Hispanic or Latino,White,34,age35_39,244,2.644543023,368
male,Not Hispanic or Latino,White,24,age18_24,245,0.334305042,370
female,Not Hispanic or Latino,White,68,age60_100,246,2.486532848,371
female,Hispanic or Latino,White,21,age18_24,247,1.209614047,372
female,Not Hispanic or Latino,White,26,age25_29,248,0.376696105,374
male,Not Hispanic or Latino,Black,45,age45_49,249,1.025826379,376
female,Not Hispanic or Latino,White,55,age55_59,250,1.151752615,383
female,Not Hispanic or Latino,Native_PacIsl_MultiRace_NaN_Other,43,age45_49,251,0.340772242,384
female,Not Hispanic or Latino,White,44,age45_49,252,0.312885221,385
female,Not Hispanic or Latino,White,24,age18_24,253,0.334305042,387
male,Not Hispanic or Latino,White,36,age40_44,254,0.592453094,388
female,Not Hispanic or Latino,White,67,age60_100,255,2.486532848,389
female,Not Hispanic or Latino,White,40,age45_49,256,0.312885221,390
male,Not Hispanic or Latino,White,24,age18_24,257,0.334305042,391
male,Not Hispanic or Latino,Native_PacIsl_MultiRace_NaN_Other,22,age18_24,258,0.364101181,392
male,Not Hispanic or Latino,White,39,age40_44,259,0.592453094,394
male,Not Hispanic or Latino,Black,34,age35_39,260,5.000050566,395
male,Not Hispanic or Latino,White,68,age60_100,261,2.486532848,397
male,Not Hispanic or Latino,White,57,age55_59,262,1.151752615,398
male,Not Hispanic or Latino,White,31,age30_34,263,0.58080914,401
female,Not Hispanic or Latino,Asian,49,age45_49,264,0.295711668,403
male,Not Hispanic or Latino,White,60,age60_100,265,2.486532848,405
female,Not Hispanic or Latino,White,54,age50_54,266,1.044051407,406
male,Hispanic or Latino,Native_PacIsl_MultiRace_NaN_Other,29,age25_29,267,1.484479437,407
male,Not Hispanic or Latino,Black,25,age25_29,268,1.235036924,408
male,Not Hispanic or Latino,White,31,age30_34,269,0.58080914,409
male,Not Hispanic or Latino,White,46,age45_49,270,0.312885221,410
female,Not Hispanic or Latino,White,51,age50_54,271,1.044051407,411
male,Not Hispanic or Latino,Asian,40,age45_49,272,0.295711668,413
female,Not Hispanic or Latino,White,43,age45_49,273,0.312885221,414
male,Not Hispanic or Latino,White,26,age25_29,274,0.376696105,417
female,Not Hispanic or Latino,Black,39,age40_44,275,1.942418405,419
male,Not Hispanic or Latino,White,34,age35_39,276,2.644543023,420
female,Not Hispanic or Latino,Asian,32,age30_34,277,0.548929856,424
male,Not Hispanic or Latino,Asian,31,age30_34,278,0.548929856,427
female,Not Hispanic or Latino,Black,22,age18_24,279,1.096053464,428
male,Not Hispanic or Latino,White,60,age60_100,280,2.486532848,429
male,Not Hispanic or Latino,White,37,age40_44,281,0.592453094,431
female,Not Hispanic or Latino,Black,55,age55_59,282,3.77613941,432
male,Not Hispanic or Latino,White,57,age55_59,283,1.151752615,434
male,Not Hispanic or Latino,White,48,age45_49,284,0.312885221,435
female,Not Hispanic or Latino,White,34,age35_39,285,2.644543023,436
male,Hispanic or Latino,Native_PacIsl_MultiRace_NaN_Other,35,age40_44,286,2.334731961,437
male,Not Hispanic or Latino,White,37,age40_44,287,0.592453094,438
male,Not Hispanic or Latino,White,52,age50_54,288,1.044051407,439
male,Not Hispanic or Latino,Asian,29,age25_29,289,0.356020118,440
male,Not Hispanic or Latino,White,43,age45_49,290,0.312885221,442
female,Not Hispanic or Latino,White,41,age45_49,291,0.312885221,443
male,Hispanic or Latino,Native_PacIsl_MultiRace_NaN_Other,71,age60_100,292,5.00007149,444
female,Not Hispanic or Latino,White,35,age40_44,293,0.592453094,445
male,Not Hispanic or Latino,White,30,age30_34,294,0.58080914,447
female,Not Hispanic or Latino,Asian,23,age18_24,295,0.315955804,448
male,Not Hispanic or Latino,White,33,age30_34,296,0.58080914,452
female,Hispanic or Latino,White,25,age25_29,297,1.36299739,453
female,Hispanic or Latino,White,32,age30_34,298,2.101538434,454
female,Not Hispanic or Latino,White,30,age30_34,299,0.58080914,455
female,Not Hispanic or Latino,White,73,age60_100,300,2.486532848,457
male,Not Hispanic or Latino,White,48,age45_49,301,0.312885221,459
male,Not Hispanic or Latino,White,53,age50_54,302,1.044051407,460
female,Not Hispanic or Latino,Asian,23,age18_24,303,0.315955804,461
male,Not Hispanic or Latino,White,33,age30_34,304,0.58080914,463
female,Not Hispanic or Latino,White,37,age40_44,305,0.592453094,466
female,Not Hispanic or Latino,White,47,age45_49,306,0.312885221,469
female,Not Hispanic or Latino,White,49,age45_49,307,0.312885221,470
female,Not Hispanic or Latino,White,33,age30_34,308,0.58080914,471
male,Not Hispanic or Latino,White,64,age60_100,309,2.486532848,476
female,Not Hispanic or Latino,White,34,age35_39,310,2.644543023,478
male,Not Hispanic or Latino,White,52,age50_54,311,1.044051407,479
male,Not Hispanic or Latino,White,45,age45_49,312,0.312885221,480
female,Not Hispanic or Latino,White,61,age60_100,313,2.486532848,481
male,Not Hispanic or Latino,Asian,36,age40_44,314,0.559934701,482
male,Hispanic or Latino,White,28,age25_29,315,1.36299739,484
female,Not Hispanic or Latino,White,35,age40_44,316,0.592453094,485
female,Not Hispanic or Latino,White,26,age25_29,317,0.376696105,486
female,Not Hispanic or Latino,White,41,age45_49,318,0.312885221,489
female,Not Hispanic or Latino,Native_PacIsl_MultiRace_NaN_Other,21,age18_24,319,0.364101181,490
female,Not Hispanic or Latino,White,40,age45_49,320,0.312885221,491
female,Not Hispanic or Latino,White,49,age45_49,321,0.312885221,492
male,Not Hispanic or Latino,White,19,age18_24,322,0.334305042,493
male,Not Hispanic or Latino,Asian,20,age18_24,323,0.315955804,494
female,Not Hispanic or Latino,White,70,age60_100,324,2.486532848,495
female,Not Hispanic or Latino,White,34,age35_39,325,2.644543023,498
male,Not Hispanic or Latino,White,35,age40_44,326,0.592453094,499
female,Not Hispanic or Latino,White,41,age45_49,327,0.312885221,500
female,Not Hispanic or Latino,White,58,age55_59,328,1.151752615,501
female,Not Hispanic or Latino,White,33,age30_34,329,0.58080914,503
male,Not Hispanic or Latino,White,27,age25_29,330,0.376696105,504
female,Not Hispanic or Latino,White,52,age50_54,331,1.044051407,507
male,Not Hispanic or Latino,White,45,age45_49,332,0.312885221,509
female,Not Hispanic or Latino,White,24,age18_24,333,0.334305042,511
male,Hispanic or Latino,Native_PacIsl_MultiRace_NaN_Other,31,age30_34,334,2.288845608,512
female,Not Hispanic or Latino,White,36,age40_44,335,0.592453094,513
female,Not Hispanic or Latino,White,60,age60_100,336,2.486532848,514
male,Not Hispanic or Latino,Native_PacIsl_MultiRace_NaN_Other,27,age25_29,337,0.4102705,516
female,Not Hispanic or Latino,White,66,age60_100,338,2.486532848,517
female,Not Hispanic or Latino,White,32,age30_34,339,0.58080914,518
female,Not Hispanic or Latino,White,44,age45_49,340,0.312885221,520
female,Hispanic or Latino,Native_PacIsl_MultiRace_NaN_Other,62,age60_100,341,5.00007149,521
female,Not Hispanic or Latino,White,34,age35_39,342,2.644543023,522
male,Not Hispanic or Latino,White,24,age18_24,343,0.334305042,525
female,Not Hispanic or Latino,White,30,age30_34,344,0.58080914,526
male,Not Hispanic or Latino,White,41,age45_49,345,0.312885221,528
female,Not Hispanic or Latino,Native_PacIsl_MultiRace_NaN_Other,23,age18_24,346,0.364101181,530
female,Not Hispanic or Latino,White,36,age40_44,347,0.592453094,531
female,Not Hispanic or Latino,White,39,age40_44,348,0.592453094,532
female,Not Hispanic or Latino,Asian,40,age45_49,349,0.295711668,533
male,Not Hispanic or Latino,White,40,age45_49,350,0.312885221,534
male,Hispanic or Latino,White,52,age50_54,351,3.777685318,535
female,Not Hispanic or Latino,White,70,age60_100,352,2.486532848,536
male,Not Hispanic or Latino,White,35,age40_44,353,0.592453094,537
male,Not Hispanic or Latino,Black,41,age45_49,354,1.025826379,538
male,Not Hispanic or Latino,White,39,age40_44,355,0.592453094,540
male,Not Hispanic or Latino,Black,29,age25_29,356,1.235036924,541
male,Not Hispanic or Latino,White,50,age50_54,357,1.044051407,542
female,Not Hispanic or Latino,White,58,age55_59,358,1.151752615,543
male,Not Hispanic or Latino,White,32,age30_34,359,0.58080914,544
female,Not Hispanic or Latino,White,59,age55_59,360,1.151752615,547
female,Not Hispanic or Latino,White,51,age50_54,361,1.044051407,548
male,Not Hispanic or Latino,White,48,age45_49,362,0.312885221,549
male,Not Hispanic or Latino,White,35,age40_44,363,0.592453094,550
female,Hispanic or Latino,White,28,age25_29,364,1.36299739,551
male,Hispanic or Latino,White,24,age18_24,365,1.209614047,555
female,Not Hispanic or Latino,White,35,age40_44,366,0.592453094,556
male,Not Hispanic or Latino,White,63,age60_100,367,2.486532848,557
female,Not Hispanic or Latino,Black,53,age50_54,368,3.423029924,559
female,Not Hispanic or Latino,White,35,age40_44,369,0.592453094,560
male,Not Hispanic or Latino,White,26,age25_29,370,0.376696105,561
female,Not Hispanic or Latino,White,43,age45_49,371,0.312885221,562
female,Not Hispanic or Latino,White,67,age60_100,372,2.486532848,563
female,Not Hispanic or Latino,White,33,age30_34,373,0.58080914,564
male,Not Hispanic or Latino,White,55,age55_59,374,1.151752615,566
male,Not Hispanic or Latino,Asian,30,age30_34,375,0.548929856,570
male,Not Hispanic or Latino,White,64,age60_100,376,2.486532848,571
male,Not Hispanic or Latino,White,33,age30_34,377,0.58080914,573
male,Hispanic or Latino,Native_PacIsl_MultiRace_NaN_Other,26,age25_29,378,1.484479437,574
male,Not Hispanic or Latino,Black,29,age25_29,379,1.235036924,575
male,Not Hispanic or Latino,White,43,age45_49,380,0.312885221,576
female,Not Hispanic or Latino,White,68,age60_100,381,2.486532848,578
female,Not Hispanic or Latino,White,45,age45_49,382,0.312885221,579
male,Not Hispanic or Latino,White,27,age25_29,383,0.376696105,581
male,Not Hispanic or Latino,White,56,age55_59,384,1.151752615,586
male,Hispanic or Latino,White,47,age45_49,385,1.132110831,587
female,Not Hispanic or Latino,White,27,age25_29,386,0.376696105,589
male,Not Hispanic or Latino,White,57,age55_59,387,1.151752615,591
male,Not Hispanic or Latino,White,37,age40_44,388,0.592453094,592
male,Not Hispanic or Latino,White,34,age35_39,389,2.644543023,593
female,Not Hispanic or Latino,White,37,age40_44,390,0.592453094,594
female,Not Hispanic or Latino,White,60,age60_100,391,2.486532848,595
female,Not Hispanic or Latino,White,49,age45_49,392,0.312885221,597
male,Not Hispanic or Latino,White,61,age60_100,393,2.486532848,601
male,Not Hispanic or Latino,Native_PacIsl_MultiRace_NaN_Other,27,age25_29,394,0.4102705,602
female,Not Hispanic or Latino,White,64,age60_100,395,2.486532848,605
female,Not Hispanic or Latino,White,34,age35_39,396,2.644543023,606
male,Not Hispanic or Latino,White,54,age50_54,397,1.044051407,607
female,Hispanic or Latino,White,25,age25_29,398,1.36299739,608
male,Not Hispanic or Latino,White,32,age30_34,399,0.58080914,610
female,Not Hispanic or Latino,White,52,age50_54,400,1.044051407,611
female,Not Hispanic or Latino,White,20,age18_24,401,0.334305042,612
female,Not Hispanic or Latino,White,28,age25_29,402,0.376696105,615
male,Hispanic or Latino,Native_PacIsl_MultiRace_NaN_Other,34,age35_39,403,5.000070267,616
male,Not Hispanic or Latino,White,45,age45_49,404,0.312885221,620
female,Not Hispanic or Latino,Native_PacIsl_MultiRace_NaN_Other,55,age55_59,405,1.25440671,622
male,Not Hispanic or Latino,Asian,46,age45_49,406,0.295711668,623
male,Not Hispanic or Latino,White,39,age40_44,407,0.592453094,624
male,Not Hispanic or Latino,White,44,age45_49,408,0.312885221,625
male,Not Hispanic or Latino,White,48,age45_49,409,0.312885221,626
female,Not Hispanic or Latino,White,52,age50_54,410,1.044051407,628
male,Hispanic or Latino,White,27,age25_29,411,1.36299739,631
female,Not Hispanic or Latino,Black,19,age18_24,412,1.096053464,632
female,Hispanic or Latino,Native_PacIsl_MultiRace_NaN_Other,18,age18_24,413,1.317425251,633
male,Not Hispanic or Latino,White,49,age45_49,414,0.312885221,634
male,Hispanic or Latino,Native_PacIsl_MultiRace_NaN_Other,28,age25_29,415,1.484479437,635
male,Not Hispanic or Latino,White,39,age40_44,416,0.592453094,637
female,Not Hispanic or Latino,White,21,age18_24,417,0.334305042,638
female,Not Hispanic or Latino,White,33,age30_34,418,0.58080914,639
female,Not Hispanic or Latino,White,50,age50_54,419,1.044051407,643
female,Not Hispanic or Latino,White,43,age45_49,420,0.312885221,644
male,Not Hispanic or Latino,White,29,age25_29,421,0.376696105,645
male,Hispanic or Latino,White,31,age30_34,422,2.101538434,646
male,Not Hispanic or Latino,White,41,age45_49,423,0.312885221,647
female,Not Hispanic or Latino,White,26,age25_29,424,0.376696105,648
female,Not Hispanic or Latino,White,47,age45_49,425,0.312885221,649
male,Not Hispanic or Latino,Asian,20,age18_24,426,0.315955804,650
male,Not Hispanic or Latino,White,28,age25_29,427,0.376696105,652
female,Not Hispanic or Latino,White,45,age45_49,428,0.312885221,653
female,Not Hispanic or Latino,White,68,age60_100,429,2.486532848,654
female,Not Hispanic or Latino,White,33,age30_34,430,0.58080914,655
male,Not Hispanic or Latino,Native_PacIsl_MultiRace_NaN_Other,19,age18_24,431,0.364101181,656
male,Not Hispanic or Latino,White,26,age25_29,432,0.376696105,657
male,Not Hispanic or Latino,White,22,age18_24,433,0.334305042,658
female,Hispanic or Latino,White,25,age25_29,434,1.36299739,659
male,Not Hispanic or Latino,Native_PacIsl_MultiRace_NaN_Other,30,age30_34,435,0.632575844,661
female,Not Hispanic or Latino,Asian,28,age25_29,436,0.356020118,662
female,Not Hispanic or Latino,White,50,age50_54,437,1.044051407,663
female,Not Hispanic or Latino,White,58,age55_59,438,1.151752615,664
male,Not Hispanic or Latino,White,49,age45_49,439,0.312885221,665
female,Not Hispanic or Latino,White,56,age55_59,440,1.151752615,666
female,Not Hispanic or Latino,White,38,age40_44,441,0.592453094,667
female,Not Hispanic or Latino,White,25,age25_29,442,0.376696105,668
female,Not Hispanic or Latino,White,62,age60_100,443,2.486532848,669
female,Not Hispanic or Latino,White,57,age55_59,444,1.151752615,670
male,Not Hispanic or Latino,White,27,age25_29,445,0.376696105,673
female,Not Hispanic or Latino,White,31,age30_34,446,0.58080914,675
female,Not Hispanic or Latino,White,25,age25_29,447,0.376696105,676
male,Not Hispanic or Latino,White,29,age25_29,448,0.376696105,677
male,Not Hispanic or Latino,White,29,age25_29,449,0.376696105,682
male,Not Hispanic or Latino,Asian,29,age25_29,450,0.356020118,683
female,Not Hispanic or Latino,White,52,age50_54,451,1.044051407,684
female,Not Hispanic or Latino,White,51,age50_54,452,1.044051407,685
female,Not Hispanic or Latino,White,39,age40_44,453,0.592453094,687
female,Not Hispanic or Latino,Asian,33,age30_34,454,0.548929856,688
female,Not Hispanic or Latino,Black,21,age18_24,455,1.096053464,690
female,Not Hispanic or Latino,White,44,age45_49,456,0.312885221,693
female,Not Hispanic or Latino,White,56,age55_59,457,1.151752615,697
male,Not Hispanic or Latino,White,39,age40_44,458,0.592453094,698
male,Not Hispanic or Latino,White,41,age45_49,459,0.312885221,699
female,Not Hispanic or Latino,White,50,age50_54,460,1.044051407,700
female,Hispanic or Latino,Native_PacIsl_MultiRace_NaN_Other,32,age30_34,461,2.288845608,701
male,Not Hispanic or Latino,White,66,age60_100,462,2.486532848,702
male,Not Hispanic or Latino,White,29,age25_29,463,0.376696105,703
female,Not Hispanic or Latino,White,24,age18_24,464,0.334305042,704
female,Not Hispanic or Latino,White,33,age30_34,465,0.58080914,705
female,Not Hispanic or Latino,White,37,age40_44,466,0.592453094,706
female,Not Hispanic or Latino,White,35,age40_44,467,0.592453094,708
male,Not Hispanic or Latino,White,49,age45_49,468,0.312885221,709
male,Not Hispanic or Latino,White,42,age45_49,469,0.312885221,710
male,Not Hispanic or Latino,White,50,age50_54,470,1.044051407,711
female,Not Hispanic or Latino,Black,33,age30_34,471,1.904242503,714
female,Not Hispanic or Latino,Black,37,age40_44,472,1.942418405,715
male,Not Hispanic or Latino,White,77,age60_100,473,2.486532848,716
female,Not Hispanic or Latino,Asian,27,age25_29,474,0.356020118,720
female,Not Hispanic or Latino,Native_PacIsl_MultiRace_NaN_Other,32,age30_34,475,0.632575844,722
male,Not Hispanic or Latino,White,39,age40_44,476,0.592453094,723
female,Not Hispanic or Latino,White,59,age55_59,477,1.151752615,724
male,Not Hispanic or Latino,Asian,36,age40_44,478,0.559934701,725
male,Not Hispanic or Latino,White,32,age30_34,479,0.58080914,727
male,Hispanic or Latino,White,26,age25_29,480,1.36299739,728
male,Not Hispanic or Latino,White,28,age25_29,481,0.376696105,729
female,Not Hispanic or Latino,White,50,age50_54,482,1.044051407,730
male,Not Hispanic or Latino,White,32,age30_34,483,0.58080914,732
male,Not Hispanic or Latino,White,34,age35_39,484,2.644543023,733
male,Not Hispanic or Latino,White,31,age30_34,485,0.58080914,735
female,Not Hispanic or Latino,White,42,age45_49,486,0.312885221,736
female,Not Hispanic or Latino,White,42,age45_49,487,0.312885221,737
male,Hispanic or Latino,Native_PacIsl_MultiRace_NaN_Other,29,age25_29,488,1.484479437,738
male,Not Hispanic or Latino,White,66,age60_100,489,2.486532848,739
female,Hispanic or Latino,White,40,age45_49,490,1.132110831,740
female,Not Hispanic or Latino,White,42,age45_49,491,0.312885221,741
female,Not Hispanic or Latino,White,38,age40_44,492,0.592453094,745
male,Not Hispanic or Latino,White,58,age55_59,493,1.151752615,748
female,Hispanic or Latino,White,31,age30_34,494,2.101538434,750
female,Not Hispanic or Latino,White,43,age45_49,495,0.312885221,751
male,Not Hispanic or Latino,Asian,41,age45_49,496,0.295711668,752
male,Not Hispanic or Latino,White,33,age30_34,497,0.58080914,754
female,Not Hispanic or Latino,White,36,age40_44,498,0.592453094,755
male,Hispanic or Latino,White,30,age30_34,499,2.101538434,756
male,Not Hispanic or Latino,Black,39,age40_44,500,1.942418405,758
male,Not Hispanic or Latino,White,31,age30_34,501,0.58080914,759
female,Not Hispanic or Latino,White,40,age45_49,502,0.312885221,761
male,Not Hispanic or Latino,White,28,age25_29,503,0.376696105,762
male,Not Hispanic or Latino,White,32,age30_34,504,0.58080914,763
male,Not Hispanic or Latino,Asian,26,age25_29,505,0.356020118,765
female,Not Hispanic or Latino,White,30,age30_34,506,0.58080914,766
male,Not Hispanic or Latino,White,51,age50_54,507,1.044051407,768
male,Not Hispanic or Latino,White,62,age60_100,508,2.486532848,769
male,Not Hispanic or Latino,White,31,age30_34,509,0.58080914,770
female,Not Hispanic or Latino,White,56,age55_59,510,1.151752615,771
female,Not Hispanic or Latino,White,63,age60_100,511,2.486532848,773
female,Hispanic or Latino,Asian,46,age45_49,512,1.06997186,774
male,Not Hispanic or Latino,White,40,age45_49,513,0.312885221,775
female,Not Hispanic or Latino,White,62,age60_100,514,2.486532848,777
male,Not Hispanic or Latino,White,38,age40_44,515,0.592453094,778
male,Hispanic or Latino,White,26,age25_29,516,1.36299739,779
male,Not Hispanic or Latino,White,28,age25_29,517,0.376696105,780
male,Not Hispanic or Latino,Asian,25,age25_29,518,0.356020118,781
male,Not Hispanic or Latino,White,34,age35_39,519,2.644543023,783
male,Not Hispanic or Latino,White,65,age60_100,520,2.486532848,784
male,Not Hispanic or Latino,White,37,age40_44,521,0.592453094,786
female,Not Hispanic or Latino,White,63,age60_100,522,2.486532848,789
male,Not Hispanic or Latino,Asian,55,age55_59,523,1.088535552,790
male,Not Hispanic or Latino,Black,27,age25_29,524,1.235036924,791
female,Not Hispanic or Latino,White,60,age60_100,525,2.486532848,793
female,Not Hispanic or Latino,Black,30,age30_34,526,1.904242503,794
male,Not Hispanic or Latino,White,42,age45_49,527,0.312885221,795
male,Not Hispanic or Latino,White,56,age55_59,528,1.151752615,797
female,Not Hispanic or Latino,White,31,age30_34,529,0.58080914,798
male,Not Hispanic or Latino,White,36,age40_44,530,0.592453094,800
male,Not Hispanic or Latino,White,45,age45_49,531,0.312885221,801
male,Not Hispanic or Latino,White,42,age45_49,532,0.312885221,804
female,Not Hispanic or Latino,White,32,age30_34,533,0.58080914,805
male,Not Hispanic or Latino,White,36,age40_44,534,0.592453094,806
female,Not Hispanic or Latino,White,32,age30_34,535,0.58080914,807
female,Not Hispanic or Latino,White,30,age30_34,536,0.58080914,808
female,Hispanic or Latino,White,39,age40_44,537,2.143669688,809
female,Not Hispanic or Latino,Asian,49,age45_49,538,0.295711668,811
male,Not Hispanic or Latino,White,51,age50_54,539,1.044051407,812
female,Not Hispanic or Latino,Asian,50,age50_54,540,0.986745817,813
male,Not Hispanic or Latino,White,40,age45_49,541,0.312885221,814
male,Not Hispanic or Latino,White,32,age30_34,542,0.58080914,817
male,Not Hispanic or Latino,White,28,age25_29,543,0.376696105,819
male,Hispanic or Latino,Native_PacIsl_MultiRace_NaN_Other,22,age18_24,544,1.317425251,821
male,Not Hispanic or Latino,White,64,age60_100,545,2.486532848,822
male,Hispanic or Latino,White,22,age18_24,546,1.209614047,823
male,Not Hispanic or Latino,White,48,age45_49,547,0.312885221,824
male,Not Hispanic or Latino,White,25,age25_29,548,0.376696105,825
male,Not Hispanic or Latino,White,41,age45_49,549,0.312885221,826
female,Not Hispanic or Latino,White,53,age50_54,550,1.044051407,827
male,Not Hispanic or Latino,White,46,age45_49,551,0.312885221,828
female,Not Hispanic or Latino,White,59,age55_59,552,1.151752615,829
male,Not Hispanic or Latino,White,67,age60_100,553,2.486532848,830
male,Not Hispanic or Latino,Black,35,age40_44,554,1.942418405,831
male,Not Hispanic or Latino,White,32,age30_34,555,0.58080914,832
female,Not Hispanic or Latino,White,44,age45_49,556,0.312885221,835
male,Not Hispanic or Latino,White,31,age30_34,557,0.58080914,836
female,Not Hispanic or Latino,White,46,age45_49,558,0.312885221,837
female,Not Hispanic or Latino,White,29,age25_29,559,0.376696105,839
male,Not Hispanic or Latino,White,25,age25_29,560,0.376696105,840
female,Not Hispanic or Latino,White,66,age60_100,561,2.486532848,842
male,Not Hispanic or Latino,Native_PacIsl_MultiRace_NaN_Other,27,age25_29,562,0.4102705,843
female,Not Hispanic or Latino,White,28,age25_29,563,0.376696105,845
male,Not Hispanic or Latino,White,51,age50_54,564,1.044051407,846
female,Not Hispanic or Latino,White,30,age30_34,565,0.58080914,847
female,Not Hispanic or Latino,White,57,age55_59,566,1.151752615,850
female,Not Hispanic or Latino,White,35,age40_44,567,0.592453094,853
female,Not Hispanic or Latino,White,55,age55_59,568,1.151752615,854
male,Not Hispanic or Latino,Black,30,age30_34,569,1.904242503,855
male,Not Hispanic or Latino,White,48,age45_49,570,0.312885221,856
female,Not Hispanic or Latino,White,23,age18_24,571,0.334305042,858
female,Not Hispanic or Latino,White,26,age25_29,572,0.376696105,859
female,Not Hispanic or Latino,White,47,age45_49,573,0.312885221,860
female,Not Hispanic or Latino,White,27,age25_29,574,0.376696105,862
male,Not Hispanic or Latino,White,32,age30_34,575,0.58080914,863
male,Not Hispanic or Latino,Asian,60,age60_100,576,2.350052755,864
male,Not Hispanic or Latino,White,33,age30_34,577,0.58080914,865
female,Not Hispanic or Latino,White,43,age45_49,578,0.312885221,866
female,Not Hispanic or Latino,White,39,age40_44,579,0.592453094,869
male,Not Hispanic or Latino,White,39,age40_44,580,0.592453094,870
female,Hispanic or Latino,White,60,age60_100,581,5.000052632,871
male,Not Hispanic or Latino,White,30,age30_34,582,0.58080914,872
male,Not Hispanic or Latino,White,41,age45_49,583,0.312885221,873
male,Not Hispanic or Latino,White,54,age50_54,584,1.044051407,874
male,Not Hispanic or Latino,Black,47,age45_49,585,1.025826379,877
female,Not Hispanic or Latino,White,55,age55_59,586,1.151752615,879
male,Not Hispanic or Latino,Black,42,age45_49,587,1.025826379,880
male,Not Hispanic or Latino,Asian,35,age40_44,588,0.559934701,882
female,Not Hispanic or Latino,White,35,age40_44,589,0.592453094,884
female,Not Hispanic or Latino,White,56,age55_59,590,1.151752615,885
male,Not Hispanic or Latino,Asian,53,age50_54,591,0.986745817,886
male,Not Hispanic or Latino,Asian,30,age30_34,592,0.548929856,889
female,Not Hispanic or Latino,White,26,age25_29,593,0.376696105,890
male,Not Hispanic or Latino,White,21,age18_24,594,0.334305042,891
female,Not Hispanic or Latino,White,37,age40_44,595,0.592453094,893
male,Hispanic or Latino,White,27,age25_29,596,1.36299739,894
male,Not Hispanic or Latino,White,31,age30_34,597,0.58080914,895
female,Not Hispanic or Latino,White,34,age35_39,598,2.644543023,896
male,Not Hispanic or Latino,Asian,35,age40_44,599,0.559934701,897
male,Not Hispanic or Latino,White,38,age40_44,600,0.592453094,899
male,Not Hispanic or Latino,White,73,age60_100,601,2.486532848,900
male,Not Hispanic or Latino,White,62,age60_100,602,2.486532848,901
male,Hispanic or Latino,White,44,age45_49,603,1.132110831,902
female,Not Hispanic or Latino,White,24,age18_24,604,0.334305042,907
male,Not Hispanic or Latino,White,21,age18_24,605,0.334305042,908
male,Not Hispanic or Latino,White,26,age25_29,606,0.376696105,912
male,Not Hispanic or Latino,White,41,age45_49,607,0.312885221,917
female,Not Hispanic or Latino,White,44,age45_49,608,0.312885221,919
female,Not Hispanic or Latino,White,29,age25_29,609,0.376696105,920
male,Not Hispanic or Latino,White,22,age18_24,610,0.334305042,921
female,Not Hispanic or Latino,White,33,age30_34,611,0.58080914,923
female,Not Hispanic or Latino,White,27,age25_29,612,0.376696105,924
male,Not Hispanic or Latino,Asian,24,age18_24,613,0.315955804,925
male,Hispanic or Latino,White,29,age25_29,614,1.36299739,927
female,Not Hispanic or Latino,White,30,age30_34,615,0.58080914,930
female,Hispanic or Latino,White,40,age45_49,616,1.132110831,931
male,Not Hispanic or Latino,White,54,age50_54,617,1.044051407,932
female,Not Hispanic or Latino,White,26,age25_29,618,0.376696105,933
male,Not Hispanic or Latino,White,32,age30_34,619,0.58080914,935
female,Not Hispanic or Latino,White,43,age45_49,620,0.312885221,936
female,Not Hispanic or Latino,White,42,age45_49,621,0.312885221,937
male,Not Hispanic or Latino,Asian,34,age35_39,622,2.499390113,938
male,Not Hispanic or Latino,White,48,age45_49,623,0.312885221,939
female,Not Hispanic or Latino,White,45,age45_49,624,0.312885221,940
female,Hispanic or Latino,Native_PacIsl_MultiRace_NaN_Other,48,age45_49,625,1.233014281,941
male,Not Hispanic or Latino,White,59,age55_59,626,1.151752615,942
male,Not Hispanic or Latino,White,27,age25_29,627,0.376696105,943
male,Not Hispanic or Latino,White,33,age30_34,628,0.58080914,945
female,Not Hispanic or Latino,Black,27,age25_29,629,1.235036924,946
female,Not Hispanic or Latino,White,32,age30_34,630,0.58080914,947
male,Hispanic or Latino,Native_PacIsl_MultiRace_NaN_Other,30,age30_34,631,2.288845608,948
male,Not Hispanic or Latino,White,54,age50_54,632,1.044051407,949
male,Hispanic or Latino,White,37,age40_44,633,2.143669688,951
female,Not Hispanic or Latino,White,30,age30_34,634,0.58080914,952
female,Not Hispanic or Latino,Asian,23,age18_24,635,0.315955804,953
female,Not Hispanic or Latino,White,56,age55_59,636,1.151752615,958
male,Not Hispanic or Latino,Black,40,age45_49,637,1.025826379,959
female,Not Hispanic or Latino,White,42,age45_49,638,0.312885221,960
female,Hispanic or Latino,Native_PacIsl_MultiRace_NaN_Other,24,age18_24,639,1.317425251,963
female,Not Hispanic or Latino,White,30,age30_34,640,0.58080914,966
male,Not Hispanic or Latino,White,58,age55_59,641,1.151752615,968
female,Not Hispanic or Latino,Native_PacIsl_MultiRace_NaN_Other,52,age50_54,642,1.137106245,969
male,Not Hispanic or Latino,White,36,age40_44,643,0.592453094,970
male,Not Hispanic or Latino,White,41,age45_49,644,0.312885221,971
male,Not Hispanic or Latino,White,44,age45_49,645,0.312885221,972
male,Hispanic or Latino,White,39,age40_44,646,2.143669688,973
male,Not Hispanic or Latino,Asian,22,age18_24,647,0.315955804,975
male,Not Hispanic or Latino,White,47,age45_49,648,0.312885221,976
female,Not Hispanic or Latino,White,33,age30_34,649,0.58080914,977
female,Not Hispanic or Latino,White,50,age50_54,650,1.044051407,980
male,Not Hispanic or Latino,White,29,age25_29,651,0.376696105,981
female,Hispanic or Latino,White,30,age30_34,652,2.101538434,982
male,Not Hispanic or Latino,White,27,age25_29,653,0.376696105,983
male,Not Hispanic or Latino,White,43,age45_49,654,0.312885221,985
female,Not Hispanic or Latino,White,62,age60_100,655,2.486532848,986
female,Not Hispanic or Latino,White,44,age45_49,656,0.312885221,987
female,Not Hispanic or Latino,White,42,age45_49,657,0.312885221,988
male,Not Hispanic or Latino,White,54,age50_54,658,1.044051407,989
female,Not Hispanic or Latino,White,40,age45_49,659,0.312885221,990
male,Not Hispanic or Latino,White,55,age55_59,660,1.151752615,991
male,Not Hispanic or Latino,White,53,age50_54,661,1.044051407,992
male,Not Hispanic or Latino,White,54,age50_54,662,1.044051407,993
female,Not Hispanic or Latino,White,55,age55_59,663,1.151752615,994
male,Not Hispanic or Latino,Asian,52,age50_54,664,0.986745817,995
male,Not Hispanic or Latino,White,46,age45_49,665,0.312885221,996
male,Not Hispanic or Latino,White,57,age55_59,666,1.151752615,998
male,Not Hispanic or Latino,White,26,age25_29,667,0.376696105,1000
male,Not Hispanic or Latino,White,32,age30_34,668,0.58080914,1001
male,Not Hispanic or Latino,White,45,age45_49,669,0.312885221,1002
female,Not Hispanic or Latino,White,50,age50_54,670,1.044051407,1003
male,Not Hispanic or Latino,White,31,age30_34,671,0.58080914,1004
male,Not Hispanic or Latino,White,35,age40_44,672,0.592453094,1006
female,Not Hispanic or Latino,White,60,age60_100,673,2.486532848,1007
female,Not Hispanic or Latino,White,35,age40_44,674,0.592453094,1011
female,Not Hispanic or Latino,White,34,age35_39,675,2.644543023,1012
female,Not Hispanic or Latino,White,24,age18_24,676,0.334305042,1013
female,Not Hispanic or Latino,Native_PacIsl_MultiRace_NaN_Other,43,age45_49,677,0.340772242,1014
male,Not Hispanic or Latino,White,30,age30_34,678,0.58080914,1015
male,Not Hispanic or Latino,White,32,age30_34,679,0.58080914,1016
male,Not Hispanic or Latino,White,38,age40_44,680,0.592453094,1018
male,Not Hispanic or Latino,White,56,age55_59,681,1.151752615,1019
female,Not Hispanic or Latino,White,39,age40_44,682,0.592453094,1024
female,Not Hispanic or Latino,White,64,age60_100,683,2.486532848,1027
female,Not Hispanic or Latino,Black,53,age50_54,684,3.423029924,1029
female,Not Hispanic or Latino,Black,30,age30_34,685,1.904242503,1031
male,Not Hispanic or Latino,Asian,60,age60_100,686,2.350052755,1033
male,Not Hispanic or Latino,White,37,age40_44,687,0.592453094,1034
female,Not Hispanic or Latino,White,32,age30_34,688,0.58080914,1035
male,Not Hispanic or Latino,Asian,47,age45_49,689,0.295711668,1037
female,Not Hispanic or Latino,White,67,age60_100,690,2.486532848,1038
female,Not Hispanic or Latino,White,34,age35_39,691,2.644543023,1039
male,Not Hispanic or Latino,Asian,32,age30_34,692,0.548929856,1040
female,Not Hispanic or Latino,White,42,age45_49,693,0.312885221,1042
female,Not Hispanic or Latino,Black,48,age45_49,694,1.025826379,1043
female,Not Hispanic or Latino,White,53,age50_54,695,1.044051407,1045
male,Not Hispanic or Latino,White,42,age45_49,696,0.312885221,1046
female,Not Hispanic or Latino,Native_PacIsl_MultiRace_NaN_Other,60,age60_100,697,2.708154034,1047
male,Not Hispanic or Latino,Asian,34,age35_39,698,2.499390113,1048
male,Not Hispanic or Latino,White,39,age40_44,699,0.592453094,1049
male,Not Hispanic or Latino,White,29,age25_29,700,0.376696105,1050
male,Not Hispanic or Latino,White,48,age45_49,701,0.312885221,1051
male,Not Hispanic or Latino,White,39,age40_44,702,0.592453094,1053
male,Not Hispanic or Latino,White,50,age50_54,703,1.044051407,1054
male,Not Hispanic or Latino,White,53,age50_54,704,1.044051407,1056
male,Not Hispanic or Latino,Native_PacIsl_MultiRace_NaN_Other,41,age45_49,705,0.340772242,1057
male,Not Hispanic or Latino,White,34,age35_39,706,2.644543023,1059
male,Not Hispanic or Latino,White,36,age40_44,707,0.592453094,1060
female,Not Hispanic or Latino,White,55,age55_59,708,1.151752615,1062
male,Not Hispanic or Latino,White,64,age60_100,709,2.486532848,1064
female,Not Hispanic or Latino,White,65,age60_100,710,2.486532848,1065
female,Not Hispanic or Latino,White,57,age55_59,711,1.151752615,1066
female,Not Hispanic or Latino,White,42,age45_49,712,0.312885221,1067
male,Not Hispanic or Latino,Asian,23,age18_24,713,0.315955804,1068
female,Not Hispanic or Latino,White,31,age30_34,714,0.58080914,1070
female,Hispanic or Latino,Black,24,age18_24,715,3.965844067,1071
female,Not Hispanic or Latino,Asian,20,age18_24,716,0.315955804,1072
female,Not Hispanic or Latino,Black,20,age18_24,717,1.096053464,1073
female,Not Hispanic or Latino,Native_PacIsl_MultiRace_NaN_Other,24,age18_24,718,0.364101181,1075
female,Not Hispanic or Latino,White,21,age18_24,719,0.334305042,1077
female,Not Hispanic or Latino,White,35,age40_44,720,0.592453094,1078
female,Not Hispanic or Latino,Black,21,age18_24,721,1.096053464,1079
female,Not Hispanic or Latino,White,55,age55_59,722,1.151752615,1080
female,Not Hispanic or Latino,Black,20,age18_24,723,1.096053464,1081
male,Not Hispanic or Latino,White,37,age40_44,724,0.592453094,1082
female,Not Hispanic or Latino,Black,22,age18_24,725,1.096053464,1083
female,Not Hispanic or Latino,White,49,age45_49,726,0.312885221,1084
female,Not Hispanic or Latino,Asian,43,age45_49,727,0.295711668,1085
male,Not Hispanic or Latino,White,22,age18_24,728,0.334305042,1086
female,Not Hispanic or Latino,Black,25,age25_29,729,1.235036924,1090
female,Not Hispanic or Latino,Black,27,age25_29,730,1.235036924,1091
female,Hispanic or Latino,Native_PacIsl_MultiRace_NaN_Other,25,age25_29,731,1.484479437,1092
female,Not Hispanic or Latino,Native_PacIsl_MultiRace_NaN_Other,26,age25_29,732,0.4102705,1093
female,Not Hispanic or Latino,White,61,age60_100,733,2.486532848,1094
female,Not Hispanic or Latino,White,50,age50_54,734,1.044051407,1095
male,Not Hispanic or Latino,White,32,age30_34,735,0.58080914,1096
female,Not Hispanic or Latino,White,44,age45_49,736,0.312885221,1098
female,Not Hispanic or Latino,White,56,age55_59,737,1.151752615,1099
female,Not Hispanic or Latino,White,52,age50_54,738,1.044051407,1101
female,Not Hispanic or Latino,White,28,age25_29,739,0.376696105,1102
male,Not Hispanic or Latino,Asian,28,age25_29,740,0.356020118,1103
female,Not Hispanic or Latino,White,63,age60_100,741,2.486532848,1104
female,Not Hispanic or Latino,Black,20,age18_24,742,1.096053464,1107
male,Not Hispanic or Latino,Asian,19,age18_24,743,0.315955804,1112
male,Not Hispanic or Latino,White,25,age25_29,744,0.376696105,1113
female,Not Hispanic or Latino,White,18,age18_24,745,0.334305042,1114
female,Not Hispanic or Latino,White,46,age45_49,746,0.312885221,1115
male,Not Hispanic or Latino,White,30,age30_34,747,0.58080914,1116
female,Hispanic or Latino,White,22,age18_24,748,1.209614047,1118
female,Not Hispanic or Latino,White,32,age30_34,749,0.58080914,1119
female,Not Hispanic or Latino,White,29,age25_29,750,0.376696105,1120
female,Not Hispanic or Latino,Black,18,age18_24,751,1.096053464,1121
male,Not Hispanic or Latino,Asian,23,age18_24,752,0.315955804,1122
female,Hispanic or Latino,White,25,age25_29,753,1.36299739,1125
female,Hispanic or Latino,Native_PacIsl_MultiRace_NaN_Other,25,age25_29,754,1.484479437,1126
female,Not Hispanic or Latino,White,50,age50_54,755,1.044051407,1133
female,Not Hispanic or Latino,Black,60,age60_100,756,5.000051788,1134
female,Not Hispanic or Latino,Asian,25,age25_29,757,0.356020118,1136
female,Not Hispanic or Latino,White,22,age18_24,758,0.334305042,1138
male,Not Hispanic or Latino,White,22,age18_24,759,0.334305042,1140
female,Not Hispanic or Latino,White,26,age25_29,760,0.376696105,1143
male,Not Hispanic or Latino,White,20,age18_24,761,0.334305042,1147
female,Not Hispanic or Latino,White,62,age60_100,762,2.486532848,1148
female,Hispanic or Latino,Native_PacIsl_MultiRace_NaN_Other,23,age18_24,763,1.317425251,1152
female,Not Hispanic or Latino,Native_PacIsl_MultiRace_NaN_Other,20,age18_24,764,0.364101181,1155
male,Not Hispanic or Latino,White,19,age18_24,765,0.334305042,1156
female,Not Hispanic or Latino,White,23,age18_24,766,0.334305042,1159
male,Not Hispanic or Latino,Native_PacIsl_MultiRace_NaN_Other,55,age55_59,767,1.25440671,1160
male,Not Hispanic or Latino,Asian,19,age18_24,768,0.315955804,1161
female,Not Hispanic or Latino,Asian,18,age18_24,769,0.315955804,1162
male,Not Hispanic or Latino,White,59,age55_59,770,1.151752615,1163
female,Not Hispanic or Latino,Asian,23,age18_24,771,0.315955804,1164
female,Not Hispanic or Latino,White,41,age45_49,772,0.312885221,1165
female,Not Hispanic or Latino,White,52,age50_54,773,1.044051407,1166
female,Not Hispanic or Latino,Black,54,age50_54,774,3.423029924,1167
female,Not Hispanic or Latino,Black,34,age35_39,775,5.000050566,1168
male,Not Hispanic or Latino,White,51,age50_54,776,1.044051407,1171
female,Not Hispanic or Latino,White,37,age40_44,777,0.592453094,1176
female,Not Hispanic or Latino,White,52,age50_54,778,1.044051407,1187
female,Not Hispanic or Latino,White,41,age45_49,779,0.312885221,1189
female,Not Hispanic or Latino,White,40,age45_49,780,0.312885221,1190
female,Not Hispanic or Latino,White,47,age45_49,781,0.312885221,1191
female,Not Hispanic or Latino,White,42,age45_49,782,0.312885221,1192
female,Not Hispanic or Latino,White,28,age25_29,783,0.376696105,1193
male,Not Hispanic or Latino,White,38,age40_44,784,0.592453094,1194
male,Not Hispanic or Latino,White,26,age25_29,785,0.376696105,1195
male,Not Hispanic or Latino,White,44,age45_49,786,0.312885221,1197
female,Not Hispanic or Latino,White,62,age60_100,787,2.486532848,1199
male,Not Hispanic or Latino,White,38,age40_44,788,0.592453094,1200
male,Not Hispanic or Latino,Asian,36,age40_44,789,0.559934701,1201
female,Not Hispanic or Latino,White,20,age18_24,790,0.334305042,1205
female,Not Hispanic or Latino,White,65,age60_100,791,2.486532848,1206
female,Not Hispanic or Latino,White,28,age25_29,792,0.376696105,1207
female,Not Hispanic or Latino,White,24,age18_24,793,0.334305042,1208
female,Not Hispanic or Latino,White,57,age55_59,794,1.151752615,1209
male,Not Hispanic or Latino,White,66,age60_100,795,2.486532848,1210
male,Not Hispanic or Latino,White,27,age25_29,796,0.376696105,1211
male,Not Hispanic or Latino,Asian,18,age18_24,797,0.315955804,1212
male,Not Hispanic or Latino,White,25,age25_29,798,0.376696105,1213
male,Hispanic or Latino,Native_PacIsl_MultiRace_NaN_Other,28,age25_29,799,1.484479437,1214
female,Not Hispanic or Latino,White,41,age45_49,800,0.312885221,1215
female,Not Hispanic or Latino,White,44,age45_49,801,0.312885221,1216
female,Not Hispanic or Latino,Native_PacIsl_MultiRace_NaN_Other,64,age60_100,802,2.708154034,1217
female,Not Hispanic or Latino,Asian,18,age18_24,803,0.315955804,1218
female,Not Hispanic or Latino,White,21,age18_24,804,0.334305042,1219
male,Not Hispanic or Latino,White,44,age45_49,805,0.312885221,1222
female,Not Hispanic or Latino,White,19,age18_24,806,0.334305042,1223
male,Not Hispanic or Latino,Black,18,age18_24,807,1.096053464,1224
female,Not Hispanic or Latino,White,45,age45_49,808,0.312885221,1225
female,Not Hispanic or Latino,White,50,age50_54,809,1.044051407,1226
male,Not Hispanic or Latino,Asian,19,age18_24,810,0.315955804,1227
male,Not Hispanic or Latino,White,40,age45_49,811,0.312885221,1231
male,Not Hispanic or Latino,Native_PacIsl_MultiRace_NaN_Other,33,age30_34,812,0.632575844,1234
female,Not Hispanic or Latino,White,39,age40_44,813,0.592453094,1235
female,Not Hispanic or Latino,White,57,age55_59,814,1.151752615,1236
female,Not Hispanic or Latino,Asian,34,age35_39,815,2.499390113,1237
female,Not Hispanic or Latino,White,53,age50_54,816,1.044051407,1239
female,Not Hispanic or Latino,White,36,age40_44,817,0.592453094,1242
female,Not Hispanic or Latino,White,61,age60_100,818,2.486532848,1243
female,Not Hispanic or Latino,Black,25,age25_29,819,1.235036924,1245
female,Not Hispanic or Latino,White,48,age45_49,820,0.312885221,1248
male,Not Hispanic or Latino,White,69,age60_100,821,2.486532848,1249
female,Not Hispanic or Latino,White,21,age18_24,822,0.334305042,1251
female,Not Hispanic or Latino,Asian,19,age18_24,823,0.315955804,1254
female,Hispanic or Latino,Native_PacIsl_MultiRace_NaN_Other,47,age45_49,824,1.233014281,1257
male,Not Hispanic or Latino,White,32,age30_34,825,0.58080914,1258
male,Not Hispanic or Latino,White,47,age45_49,826,0.312885221,1259
female,Not Hispanic or Latino,White,48,age45_49,827,0.312885221,1261
female,Not Hispanic or Latino,White,23,age18_24,828,0.334305042,1262
female,Not Hispanic or Latino,White,25,age25_29,829,0.376696105,1263
male,Not Hispanic or Latino,White,66,age60_100,830,2.486532848,1265
female,Not Hispanic or Latino,White,21,age18_24,831,0.334305042,1267
male,Not Hispanic or Latino,White,32,age30_34,832,0.58080914,1268
female,Not Hispanic or Latino,White,42,age45_49,833,0.312885221,1270
male,Not Hispanic or Latino,White,38,age40_44,834,0.592453094,1271
female,Not Hispanic or Latino,Asian,23,age18_24,835,0.315955804,1272
female,Not Hispanic or Latino,White,36,age40_44,836,0.592453094,1273
female,Not Hispanic or Latino,White,47,age45_49,837,0.312885221,1276
male,Not Hispanic or Latino,White,50,age50_54,838,1.044051407,1280
male,Not Hispanic or Latino,White,36,age40_44,839,0.592453094,1282
female,Hispanic or Latino,Asian,32,age30_34,840,1.986189803,1283
female,Not Hispanic or Latino,White,57,age55_59,841,1.151752615,1284
male,Not Hispanic or Latino,White,29,age25_29,842,0.376696105,1285
male,Not Hispanic or Latino,White,24,age18_24,843,0.334305042,1286
male,Not Hispanic or Latino,Asian,22,age18_24,844,0.315955804,1287
male,Not Hispanic or Latino,White,33,age30_34,845,0.58080914,1289
female,Not Hispanic or Latino,White,43,age45_49,846,0.312885221,1292
male,Not Hispanic or Latino,White,31,age30_34,847,0.58080914,1295
female,Not Hispanic or Latino,Black,51,age50_54,848,3.423029924,1297
male,Not Hispanic or Latino,White,54,age50_54,849,1.044051407,1299
female,Not Hispanic or Latino,White,25,age25_29,850,0.376696105,1300
female,Not Hispanic or Latino,White,63,age60_100,851,2.486532848,1301
female,Not Hispanic or Latino,White,40,age45_49,852,0.312885221,1302
male,Not Hispanic or Latino,White,41,age45_49,853,0.312885221,1303
female,Not Hispanic or Latino,White,43,age45_49,854,0.312885221,1304
female,Not Hispanic or Latino,Asian,40,age45_49,855,0.295711668,1305
male,Not Hispanic or Latino,White,20,age18_24,856,0.334305042,1307
male,Not Hispanic or Latino,Black,22,age18_24,857,1.096053464,1308
female,Not Hispanic or Latino,White,56,age55_59,858,1.151752615,1309
male,Not Hispanic or Latino,White,40,age45_49,859,0.312885221,1311
female,Not Hispanic or Latino,Asian,33,age30_34,860,0.548929856,1314
female,Not Hispanic or Latino,White,44,age45_49,861,0.312885221,1315
male,Not Hispanic or Latino,White,28,age25_29,862,0.376696105,1317
female,Not Hispanic or Latino,White,37,age40_44,863,0.592453094,1319
female,Not Hispanic or Latino,White,23,age18_24,864,0.334305042,1320
male,Not Hispanic or Latino,White,59,age55_59,865,1.151752615,1321
female,Not Hispanic or Latino,White,60,age60_100,866,2.486532848,1322
female,Not Hispanic or Latino,Black,49,age45_49,867,1.025826379,1323
female,Not Hispanic or Latino,White,34,age35_39,868,2.644543023,1324
female,Not Hispanic or Latino,White,43,age45_49,869,0.312885221,1325
female,Not Hispanic or Latino,White,66,age60_100,870,2.486532848,1329
female,Not Hispanic or Latino,White,59,age55_59,871,1.151752615,1334
female,Not Hispanic or Latino,White,24,age18_24,872,0.334305042,1336
male,Not Hispanic or Latino,Black,27,age25_29,873,1.235036924,1337
female,Not Hispanic or Latino,White,42,age45_49,874,0.312885221,1340
female,Not Hispanic or Latino,White,34,age35_39,875,2.644543023,1341
female,Not Hispanic or Latino,White,48,age45_49,876,0.312885221,1342
male,Not Hispanic or Latino,White,29,age25_29,877,0.376696105,1343
female,Not Hispanic or Latino,White,48,age45_49,878,0.312885221,1345
male,Not Hispanic or Latino,White,36,age40_44,879,0.592453094,1346
female,Not Hispanic or Latino,White,26,age25_29,880,0.376696105,1347
female,Not Hispanic or Latino,White,48,age45_49,881,0.312885221,1348
male,Not Hispanic or Latino,White,42,age45_49,882,0.312885221,1350
male,Not Hispanic or Latino,White,37,age40_44,883,0.592453094,1352
female,Not Hispanic or Latino,White,46,age45_49,884,0.312885221,1353
female,Not Hispanic or Latino,White,24,age18_24,885,0.334305042,1354
female,Not Hispanic or Latino,White,42,age45_49,886,0.312885221,1355
female,Not Hispanic or Latino,White,66,age60_100,887,2.486532848,1356
female,Not Hispanic or Latino,White,29,age25_29,888,0.376696105,1357
male,Not Hispanic or Latino,White,48,age45_49,889,0.312885221,1358
male,Not Hispanic or Latino,White,42,age45_49,890,0.312885221,1359
female,Not Hispanic or Latino,White,29,age25_29,891,0.376696105,1360
male,Not Hispanic or Latino,White,36,age40_44,892,0.592453094,1361
male,Not Hispanic or Latino,White,38,age40_44,893,0.592453094,1362
male,Not Hispanic or Latino,Native_PacIsl_MultiRace_NaN_Other,22,age18_24,894,0.364101181,1363
female,Not Hispanic or Latino,White,32,age30_34,895,0.58080914,1365
female,Hispanic or Latino,White,32,age30_34,896,2.101538434,1366
female,Not Hispanic or Latino,White,36,age40_44,897,0.592453094,1367
male,Not Hispanic or Latino,White,56,age55_59,898,1.151752615,1368
male,Not Hispanic or Latino,White,58,age55_59,899,1.151752615,1369
female,Not Hispanic or Latino,White,47,age45_49,900,0.312885221,1370
male,Not Hispanic or Latino,Asian,29,age25_29,901,0.356020118,1372
female,Not Hispanic or Latino,White,36,age40_44,902,0.592453094,1373
male,Not Hispanic or Latino,White,37,age40_44,903,0.592453094,1374
female,Not Hispanic or Latino,Asian,21,age18_24,904,0.315955804,1375
female,Not Hispanic or Latino,Asian,25,age25_29,905,0.356020118,1377
male,Not Hispanic or Latino,White,44,age45_49,906,0.312885221,1378
female,Not Hispanic or Latino,White,53,age50_54,907,1.044051407,1379
female,Not Hispanic or Latino,White,40,age45_49,908,0.312885221,1380
female,Not Hispanic or Latino,White,41,age45_49,909,0.312885221,1381
female,Not Hispanic or Latino,White,48,age45_49,910,0.312885221,1382
male,Hispanic or Latino,White,25,age25_29,911,1.36299739,1383
male,Not Hispanic or Latino,White,41,age45_49,912,0.312885221,1387
male,Hispanic or Latino,Native_PacIsl_MultiRace_NaN_Other,38,age40_44,913,2.334731961,1388
male,Not Hispanic or Latino,White,37,age40_44,914,0.592453094,1389
female,Hispanic or Latino,White,47,age45_49,915,1.132110831,1390
male,Not Hispanic or Latino,Asian,41,age45_49,916,0.295711668,1391
male,Not Hispanic or Latino,White,31,age30_34,917,0.58080914,1392
male,Not Hispanic or Latino,White,28,age25_29,918,0.376696105,1394
male,Not Hispanic or Latino,Asian,25,age25_29,919,0.356020118,1395
male,Not Hispanic or Latino,White,52,age50_54,920,1.044051407,1396
female,Not Hispanic or Latino,White,29,age25_29,921,0.376696105,1398
male,Not Hispanic or Latino,White,60,age60_100,922,2.486532848,1399
female,Not Hispanic or Latino,White,43,age45_49,923,0.312885221,1400
male,Not Hispanic or Latino,Asian,38,age40_44,924,0.559934701,1402
male,Hispanic or Latino,White,41,age45_49,925,1.132110831,1403
male,Not Hispanic or Latino,White,58,age55_59,926,1.151752615,1404
male,Not Hispanic or Latino,White,41,age45_49,927,0.312885221,1406
female,Not Hispanic or Latino,White,30,age30_34,928,0.58080914,1408
female,Not Hispanic or Latino,White,36,age40_44,929,0.592453094,1409
female,Not Hispanic or Latino,White,31,age30_34,930,0.58080914,1410
female,Not Hispanic or Latino,White,22,age18_24,931,0.334305042,1412
male,Not Hispanic or Latino,Asian,41,age45_49,932,0.295711668,1413
female,Not Hispanic or Latino,Black,42,age45_49,933,1.025826379,1414
female,Not Hispanic or Latino,White,50,age50_54,934,1.044051407,1416
female,Not Hispanic or Latino,White,39,age40_44,935,0.592453094,1418
male,Not Hispanic or Latino,White,63,age60_100,936,2.486532848,1419
female,Not Hispanic or Latino,Asian,54,age50_54,937,0.986745817,1420
male,Not Hispanic or Latino,Asian,27,age25_29,938,0.356020118,1421
male,Not Hispanic or Latino,White,33,age30_34,939,0.58080914,1422
male,Not Hispanic or Latino,Asian,29,age25_29,940,0.356020118,1423
male,Not Hispanic or Latino,White,57,age55_59,941,1.151752615,1424
female,Not Hispanic or Latino,Black,48,age45_49,942,1.025826379,1425
male,Not Hispanic or Latino,White,34,age35_39,943,2.644543023,1427
male,Not Hispanic or Latino,White,28,age25_29,944,0.376696105,1429
male,Not Hispanic or Latino,White,50,age50_54,945,1.044051407,1430
male,Not Hispanic or Latino,White,54,age50_54,946,1.044051407,1431
male,Not Hispanic or Latino,White,34,age35_39,947,2.644543023,1433
male,Not Hispanic or Latino,Black,22,age18_24,948,1.096053464,1434
female,Not Hispanic or Latino,White,37,age40_44,949,0.592453094,1435
female,Not Hispanic or Latino,White,39,age40_44,950,0.592453094,1436
male,Not Hispanic or Latino,Asian,27,age25_29,951,0.356020118,1437
male,Hispanic or Latino,White,51,age50_54,952,3.777685318,1438
male,Not Hispanic or Latino,Asian,29,age25_29,953,0.356020118,1439
female,Not Hispanic or Latino,White,69,age60_100,954,2.486532848,1440
female,Not Hispanic or Latino,White,48,age45_49,955,0.312885221,1441
female,Not Hispanic or Latino,Native_PacIsl_MultiRace_NaN_Other,30,age30_34,956,0.632575844,1442
female,Not Hispanic or Latino,White,29,age25_29,957,0.376696105,1443
female,Not Hispanic or Latino,White,55,age55_59,958,1.151752615,1445
female,Not Hispanic or Latino,White,46,age45_49,959,0.312885221,1446
male,Not Hispanic or Latino,White,42,age45_49,960,0.312885221,1447
male,Not Hispanic or Latino,Asian,47,age45_49,961,0.295711668,1448
male,Not Hispanic or Latino,White,38,age40_44,962,0.592453094,1452
male,Not Hispanic or Latino,Black,49,age45_49,963,1.025826379,1453
female,Hispanic or Latino,White,31,age30_34,964,2.101538434,1455
female,Not Hispanic or Latino,White,47,age45_49,965,0.312885221,1459
male,Hispanic or Latino,White,37,age40_44,966,2.143669688,1460
male,Not Hispanic or Latino,White,30,age30_34,967,0.58080914,1462
female,Not Hispanic or Latino,Asian,29,age25_29,968,0.356020118,1465
male,Not Hispanic or Latino,White,36,age40_44,969,0.592453094,1467
male,Not Hispanic or Latino,White,47,age45_49,970,0.312885221,1468
male,Hispanic or Latino,Native_PacIsl_MultiRace_NaN_Other,47,age45_49,971,1.233014281,1469
male,Not Hispanic or Latino,White,34,age35_39,972,2.644543023,1472
female,Not Hispanic or Latino,Asian,20,age18_24,973,0.315955804,1474
male,Not Hispanic or Latino,White,43,age45_49,974,0.312885221,1475
male,Not Hispanic or Latino,White,29,age25_29,975,0.376696105,1476
male,Hispanic or Latino,Native_PacIsl_MultiRace_NaN_Other,48,age45_49,976,1.233014281,1480
male,Not Hispanic or Latino,White,21,age18_24,977,0.334305042,1481
female,Not Hispanic or Latino,White,24,age18_24,978,0.334305042,1482
male,Not Hispanic or Latino,White,61,age60_100,979,2.486532848,1483
female,Not Hispanic or Latino,White,40,age45_49,980,0.312885221,1484
male,Not Hispanic or Latino,White,57,age55_59,981,1.151752615,1485
male,Hispanic or Latino,White,44,age45_49,982,1.132110831,1486
female,Not Hispanic or Latino,White,40,age45_49,983,0.312885221,1487
male,Not Hispanic or Latino,Asian,31,age30_34,984,0.548929856,1488
male,Not Hispanic or Latino,White,46,age45_49,985,0.312885221,1489
male,Not Hispanic or Latino,White,51,age50_54,986,1.044051407,1490
female,Not Hispanic or Latino,White,60,age60_100,987,2.486532848,1492
male,Not Hispanic or Latino,White,54,age50_54,988,1.044051407,1493
male,Not Hispanic or Latino,White,72,age60_100,989,2.486532848,1494
male,Not Hispanic or Latino,Asian,22,age18_24,990,0.315955804,1499
female,Not Hispanic or Latino,Native_PacIsl_MultiRace_NaN_Other,24,age18_24,991,0.364101181,1500
female,Not Hispanic or Latino,White,25,age25_29,992,0.376696105,1502
male,Hispanic or Latino,White,19,age18_24,993,1.209614047,1504
female,Not Hispanic or Latino,White,44,age45_49,994,0.312885221,1505
female,Not Hispanic or Latino,White,49,age45_49,995,0.312885221,1506
female,Not Hispanic or Latino,Asian,21,age18_24,996,0.315955804,1507
female,Not Hispanic or Latino,Asian,19,age18_24,997,0.315955804,1508
female,Not Hispanic or Latino,White,41,age45_49,998,0.312885221,1510
female,Not Hispanic or Latino,Asian,21,age18_24,999,0.315955804,1511
female,Not Hispanic or Latino,White,51,age50_54,1000,1.044051407,1513
male,Hispanic or Latino,Native_PacIsl_MultiRace_NaN_Other,27,age25_29,1001,1.484479437,1516
female,Not Hispanic or Latino,White,46,age45_49,1002,0.312885221,1517
female,Not Hispanic or Latino,White,36,age40_44,1003,0.592453094,1519
male,Not Hispanic or Latino,White,27,age25_29,1004,0.376696105,1521
female,Not Hispanic or Latino,White,41,age45_49,1005,0.312885221,1522
female,Not Hispanic or Latino,White,59,age55_59,1006,1.151752615,1525
male,Not Hispanic or Latino,White,51,age50_54,1007,1.044051407,1528
female,Hispanic or Latino,White,51,age50_54,1008,3.777685318,1529
male,Not Hispanic or Latino,Black,25,age25_29,1009,1.235036924,1531
male,Hispanic or Latino,Native_PacIsl_MultiRace_NaN_Other,29,age25_29,1010,1.484479437,1532
male,Not Hispanic or Latino,White,37,age40_44,1011,0.592453094,1534
male,Hispanic or Latino,White,27,age25_29,1012,1.36299739,1536
male,Hispanic or Latino,White,25,age25_29,1013,1.36299739,1538
female,Not Hispanic or Latino,Asian,35,age40_44,1014,0.559934701,1541
male,Not Hispanic or Latino,Asian,23,age18_24,1015,0.315955804,1542
male,Not Hispanic or Latino,White,75,age60_100,1016,2.486532848,1543
female,Not Hispanic or Latino,Black,41,age45_49,1017,1.025826379,1544
male,Not Hispanic or Latino,White,42,age45_49,1018,0.312885221,1545
female,Not Hispanic or Latino,White,39,age40_44,1019,0.592453094,1548
female,Not Hispanic or Latino,White,47,age45_49,1020,0.312885221,1549
female,Not Hispanic or Latino,White,49,age45_49,1021,0.312885221,1550
male,Not Hispanic or Latino,White,27,age25_29,1022,0.376696105,1552
male,Not Hispanic or Latino,White,36,age40_44,1023,0.592453094,1553
male,Not Hispanic or Latino,White,43,age45_49,1024,0.312885221,1554
female,Not Hispanic or Latino,White,37,age40_44,1025,0.592453094,1555
male,Not Hispanic or Latino,White,47,age45_49,1026,0.312885221,1557
female,Not Hispanic or Latino,White,47,age45_49,1027,0.312885221,1558
female,Not Hispanic or Latino,Native_PacIsl_MultiRace_NaN_Other,18,age18_24,1028,0.364101181,1559
female,Not Hispanic or Latino,Asian,22,age18_24,1029,0.315955804,1560
female,Not Hispanic or Latino,White,53,age50_54,1030,1.044051407,1561
female,Hispanic or Latino,White,19,age18_24,1031,1.209614047,1562
female,Not Hispanic or Latino,White,19,age18_24,1032,0.334305042,1563
male,Not Hispanic or Latino,White,24,age18_24,1033,0.334305042,1567
female,Not Hispanic or Latino,White,45,age45_49,1034,0.312885221,1570
male,Not Hispanic or Latino,White,65,age60_100,1035,2.486532848,1572
male,Not Hispanic or Latino,White,20,age18_24,1036,0.334305042,1573
female,Not Hispanic or Latino,Native_PacIsl_MultiRace_NaN_Other,27,age25_29,1037,0.4102705,1574
male,Not Hispanic or Latino,White,61,age60_100,1038,2.486532848,1575
female,Not Hispanic or Latino,White,21,age18_24,1039,0.334305042,1577
female,Not Hispanic or Latino,White,41,age45_49,1040,0.312885221,1581
male,Not Hispanic or Latino,White,35,age40_44,1041,0.592453094,1582
female,Not Hispanic or Latino,White,46,age45_49,1042,0.312885221,1585
female,Hispanic or Latino,White,26,age25_29,1043,1.36299739,1587
male,Not Hispanic or Latino,White,63,age60_100,1044,2.486532848,1588
male,Not Hispanic or Latino,White,30,age30_34,1045,0.58080914,1589
male,Hispanic or Latino,White,29,age25_29,1046,1.36299739,1590
female,Not Hispanic or Latino,Black,42,age45_49,1047,1.025826379,1591
male,Not Hispanic or Latino,White,47,age45_49,1048,0.312885221,1592
male,Not Hispanic or Latino,White,58,age55_59,1049,1.151752615,1594
male,Not Hispanic or Latino,Asian,24,age18_24,1050,0.315955804,1596
male,Not Hispanic or Latino,White,23,age18_24,1051,0.334305042,1597
female,Not Hispanic or Latino,White,18,age18_24,1052,0.334305042,1598
female,Not Hispanic or Latino,Asian,20,age18_24,1053,0.315955804,1600
female,Hispanic or Latino,White,33,age30_34,1054,2.101538434,1603
male,Not Hispanic or Latino,Asian,25,age25_29,1055,0.356020118,1604
female,Not Hispanic or Latino,White,63,age60_100,1056,2.486532848,1606
female,Not Hispanic or Latino,White,47,age45_49,1057,0.312885221,1607
female,Not Hispanic or Latino,Asian,18,age18_24,1058,0.315955804,1609
male,Hispanic or Latino,White,28,age25_29,1059,1.36299739,1612
female,Not Hispanic or Latino,White,18,age18_24,1060,0.334305042,1614
female,Not Hispanic or Latino,White,58,age55_59,1061,1.151752615,1616
male,Hispanic or Latino,White,37,age40_44,1062,2.143669688,1618
male,Not Hispanic or Latino,White,40,age45_49,1063,0.312885221,1619
male,Hispanic or Latino,White,42,age45_49,1064,1.132110831,1620
female,Not Hispanic or Latino,Black,19,age18_24,1065,1.096053464,1622
female,Not Hispanic or Latino,Asian,21,age18_24,1066,0.315955804,1625
male,Not Hispanic or Latino,White,26,age25_29,1067,0.376696105,1627
female,Not Hispanic or Latino,White,45,age45_49,1068,0.312885221,1628
male,Not Hispanic or Latino,White,29,age25_29,1069,0.376696105,1629
male,Not Hispanic or Latino,Black,54,age50_54,1070,3.423029924,1630
male,Not Hispanic or Latino,White,49,age45_49,1071,0.312885221,1631
female,Not Hispanic or Latino,White,29,age25_29,1072,0.376696105,1632
female,Not Hispanic or Latino,White,49,age45_49,1073,0.312885221,1633
male,Not Hispanic or Latino,White,66,age60_100,1074,2.486532848,1634
female,Not Hispanic or Latino,White,48,age45_49,1075,0.312885221,1635
female,Not Hispanic or Latino,White,43,age45_49,1076,0.312885221,1636
female,Hispanic or Latino,White,68,age60_100,1077,5.000052632,1637
female,Not Hispanic or Latino,Asian,24,age18_24,1078,0.315955804,1638
female,Not Hispanic or Latino,White,59,age55_59,1079,1.151752615,1640
female,Not Hispanic or Latino,White,63,age60_100,1080,2.486532848,1641
male,Hispanic or Latino,Native_PacIsl_MultiRace_NaN_Other,33,age30_34,1081,2.288845608,1645
male,Not Hispanic or Latino,White,51,age50_54,1082,1.044051407,1646
female,Not Hispanic or Latino,White,72,age60_100,1083,2.486532848,1647
male,Not Hispanic or Latino,White,34,age35_39,1084,2.644543023,1650
male,Not Hispanic or Latino,White,28,age25_29,1085,0.376696105,1651
female,Not Hispanic or Latino,White,42,age45_49,1086,0.312885221,1652
female,Not Hispanic or Latino,White,22,age18_24,1087,0.334305042,1654
male,Not Hispanic or Latino,White,59,age55_59,1088,1.151752615,1656
female,Hispanic or Latino,Asian,44,age45_49,1089,1.06997186,1658
female,Not Hispanic or Latino,White,42,age45_49,1090,0.312885221,1659
male,Not Hispanic or Latino,White,43,age45_49,1091,0.312885221,1660
female,Not Hispanic or Latino,White,33,age30_34,1092,0.58080914,1661
male,Not Hispanic or Latino,White,64,age60_100,1093,2.486532848,1662
female,Not Hispanic or Latino,White,47,age45_49,1094,0.312885221,1663
male,Not Hispanic or Latino,Native_PacIsl_MultiRace_NaN_Other,67,age60_100,1095,2.708154034,1664
male,Not Hispanic or Latino,Asian,23,age18_24,1096,0.315955804,1666
female,Hispanic or Latino,White,45,age45_49,1097,1.132110831,1667
male,Hispanic or Latino,White,24,age18_24,1098,1.209614047,1669
male,Not Hispanic or Latino,White,34,age35_39,1099,2.644543023,1670
male,Not Hispanic or Latino,White,47,age45_49,1100,0.312885221,1671
female,Not Hispanic or Latino,White,47,age45_49,1101,0.312885221,1672
female,Not Hispanic or Latino,Black,55,age55_59,1102,3.77613941,1673
male,Not Hispanic or Latino,White,49,age45_49,1103,0.312885221,1675
male,Not Hispanic or Latino,White,76,age60_100,1104,2.486532848,1677
male,Not Hispanic or Latino,White,37,age40_44,1105,0.592453094,1679
male,Not Hispanic or Latino,White,21,age18_24,1106,0.334305042,1680
female,Not Hispanic or Latino,White,53,age50_54,1107,1.044051407,1681
male,Not Hispanic or Latino,White,46,age45_49,1108,0.312885221,1688
female,Not Hispanic or Latino,White,24,age18_24,1109,0.334305042,1691
female,Not Hispanic or Latino,Asian,35,age40_44,1110,0.559934701,1692
female,Not Hispanic or Latino,White,27,age25_29,1111,0.376696105,1693
male,Not Hispanic or Latino,White,37,age40_44,1112,0.592453094,1694
female,Not Hispanic or Latino,White,44,age45_49,1113,0.312885221,1695
female,Not Hispanic or Latino,White,23,age18_24,1114,0.334305042,1696
male,Not Hispanic or Latino,White,55,age55_59,1115,1.151752615,1697
female,Not Hispanic or Latino,White,37,age40_44,1116,0.592453094,1701
male,Not Hispanic or Latino,White,55,age55_59,1117,1.151752615,1702
female,Not Hispanic or Latino,White,64,age60_100,1118,2.486532848,1705
female,Not Hispanic or Latino,White,46,age45_49,1119,0.312885221,1706
female,Not Hispanic or Latino,White,56,age55_59,1120,1.151752615,1708
male,Not Hispanic or Latino,White,55,age55_59,1121,1.151752615,1710
male,Not Hispanic or Latino,Black,33,age30_34,1122,1.904242503,1711
male,Not Hispanic or Latino,Black,30,age30_34,1123,1.904242503,1714
male,Not Hispanic or Latino,Native_PacIsl_MultiRace_NaN_Other,42,age45_49,1124,0.340772242,1715
female,Not Hispanic or Latino,White,43,age45_49,1125,0.312885221,1716
male,Not Hispanic or Latino,White,56,age55_59,1126,1.151752615,1720
female,Not Hispanic or Latino,Native_PacIsl_MultiRace_NaN_Other,22,age18_24,1127,0.364101181,1721
male,Not Hispanic or Latino,White,42,age45_49,1128,0.312885221,1722
female,Not Hispanic or Latino,White,48,age45_49,1129,0.312885221,1723
male,Hispanic or Latino,White,34,age35_39,1130,5.00005141,1724
male,Not Hispanic or Latino,Black,45,age45_49,1131,1.025826379,1725
female,Not Hispanic or Latino,White,40,age45_49,1132,0.312885221,1726
male,Hispanic or Latino,Native_PacIsl_MultiRace_NaN_Other,23,age18_24,1133,1.317425251,1727
female,Not Hispanic or Latino,Native_PacIsl_MultiRace_NaN_Other,41,age45_49,1134,0.340772242,1730
female,Not Hispanic or Latino,White,59,age55_59,1135,1.151752615,1732
female,Hispanic or Latino,White,33,age30_34,1136,2.101538434,1733
male,Not Hispanic or Latino,White,25,age25_29,1137,0.376696105,1737
male,Not Hispanic or Latino,White,35,age40_44,1138,0.592453094,1739
female,Not Hispanic or Latino,White,46,age45_49,1139,0.312885221,1740
female,Not Hispanic or Latino,White,53,age50_54,1140,1.044051407,1742
female,Not Hispanic or Latino,White,28,age25_29,1141,0.376696105,1743
male,Not Hispanic or Latino,White,63,age60_100,1142,2.486532848,1744
female,Not Hispanic or Latino,White,24,age18_24,1143,0.334305042,1745
female,Not Hispanic or Latino,Asian,26,age25_29,1144,0.356020118,1747
male,Not Hispanic or Latino,Asian,26,age25_29,1145,0.356020118,1748
male,Not Hispanic or Latino,White,42,age45_49,1146,0.312885221,1750
female,Not Hispanic or Latino,White,40,age45_49,1147,0.312885221,1753
male,Not Hispanic or Latino,White,32,age30_34,1148,0.58080914,1754
male,Not Hispanic or Latino,White,59,age55_59,1149,1.151752615,1755
female,Not Hispanic or Latino,White,33,age30_34,1150,0.58080914,1756
male,Not Hispanic or Latino,White,47,age45_49,1151,0.312885221,1757
male,Hispanic or Latino,White,35,age40_44,1152,2.143669688,1758
female,Not Hispanic or Latino,Native_PacIsl_MultiRace_NaN_Other,61,age60_100,1153,2.708154034,1760
female,Not Hispanic or Latino,White,58,age55_59,1154,1.151752615,1761
male,Hispanic or Latino,White,45,age45_49,1155,1.132110831,1762
female,Not Hispanic or Latino,White,67,age60_100,1156,2.486532848,1763
female,Hispanic or Latino,White,36,age40_44,1157,2.143669688,1764
male,Not Hispanic or Latino,White,49,age45_49,1158,0.312885221,1765
male,Not Hispanic or Latino,Native_PacIsl_MultiRace_NaN_Other,52,age50_54,1159,1.137106245,1767
male,Not Hispanic or Latino,White,36,age40_44,1160,0.592453094,1770
female,Not Hispanic or Latino,White,57,age55_59,1161,1.151752615,1772
female,Not Hispanic or Latino,White,46,age45_49,1162,0.312885221,1773
male,Not Hispanic or Latino,White,53,age50_54,1163,1.044051407,1774
female,Not Hispanic or Latino,White,35,age40_44,1164,0.592453094,1775
male,Not Hispanic or Latino,Black,37,age40_44,1165,1.942418405,1778
male,Not Hispanic or Latino,Asian,29,age25_29,1166,0.356020118,1779
female,Hispanic or Latino,White,49,age45_49,1167,1.132110831,1780
female,Not Hispanic or Latino,White,22,age18_24,1168,0.334305042,1783
male,Hispanic or Latino,White,31,age30_34,1169,2.101538434,1786
female,Not Hispanic or Latino,White,36,age40_44,1170,0.592453094,1788
female,Not Hispanic or Latino,White,43,age45_49,1171,0.312885221,1789
male,Not Hispanic or Latino,White,24,age18_24,1172,0.334305042,1790
female,Not Hispanic or Latino,White,72,age60_100,1173,2.486532848,1792
female,Not Hispanic or Latino,Native_PacIsl_MultiRace_NaN_Other,32,age30_34,1174,0.632575844,1793
male,Not Hispanic or Latino,White,72,age60_100,1175,2.486532848,1794
male,Not Hispanic or Latino,White,38,age40_44,1176,0.592453094,1795
male,Not Hispanic or Latino,White,35,age40_44,1177,0.592453094,1796